description,name,name2
此生不悔入唐门,斗罗大陆,更新至160集
普通锤锤的爆笑日常,开心锤锤,更新至650集
用现代知识称霸古代仙界,我是大神仙,全32集
还有这样沙雕的修仙番？,一念永恒,更新至46集
一挑二！李星云功力大增,画江湖之不良人 第4季,更新至09集
少年热血闯红尘,独步逍遥,更新至112集
武神跌落，浴火少年再起,武神主宰,更新至136集
天地三界，我为至尊！,灵剑尊,更新至184集
少年不屈 异火不熄,斗破苍穹 第4季,更新至13集
陨落古神，遨游苍蓝,万界神主,更新至136集
仙王觉醒，重归万界巅峰,无上神帝,更新至74集
吞噬龙血，少年逆天崛起,绝世武魂,更新至70集
岁月淹埋，休想把我沉浮！,完美世界,更新至10集
玄京废少，搞怪逆袭,狂神魔尊,更新至14集
柯基与主人的搞笑日常,飞狗MOCO,更新至213集
问天一剑，能否天荒地老,天荒战神,更新至63集
银河冒险，血战星骸！,星骸骑士,更新至11集
手掌吞灵，逆袭而上！,唯我独神,更新至40集
涅槃重生，逆天改命！,万界独尊,更新至23集
小品的搞笑温馨日常,小品一家人,更新至481集
和猪屁登一起传递正能量,猪屁登,更新至516集
美好世界由我拯救！,万界法神,更新至53集
心念欻火，请降雷神！,首席御灵师,更新至73集
万物有界，爱恨无由,狐妖小红娘,全145集
踏足武道巅峰,妖神记,全172集
小三爷开启惊心动魄的冒险,盗墓笔记秦岭神树,全12集
人类的进化，才是唯一答案,吞噬星空,全26集
神力觉醒，三界大战！,武庚纪,全114集
仙魔一念，人间千载,万界仙踪,全176集
超凡归来 薪火相传,雪鹰领主,全52集
此生不悔入唐门,斗罗大陆,更新至160集
普通锤锤的爆笑日常,开心锤锤,更新至650集
用现代知识称霸古代仙界,我是大神仙,全32集
还有这样沙雕的修仙番？,一念永恒,更新至46集
一挑二！李星云功力大增,画江湖之不良人 第4季,更新至09集
少年热血闯红尘,独步逍遥,更新至112集
武神跌落，浴火少年再起,武神主宰,更新至136集
天地三界，我为至尊！,灵剑尊,更新至184集
少年不屈 异火不熄,斗破苍穹 第4季,更新至13集
陨落古神，遨游苍蓝,万界神主,更新至136集
仙王觉醒，重归万界巅峰,无上神帝,更新至74集
吞噬龙血，少年逆天崛起,绝世武魂,更新至70集
岁月淹埋，休想把我沉浮！,完美世界,更新至10集
玄京废少，搞怪逆袭,狂神魔尊,更新至14集
柯基与主人的搞笑日常,飞狗MOCO,更新至213集
问天一剑，能否天荒地老,天荒战神,更新至63集
银河冒险，血战星骸！,星骸骑士,更新至11集
手掌吞灵，逆袭而上！,唯我独神,更新至40集
涅槃重生，逆天改命！,万界独尊,更新至23集
小品的搞笑温馨日常,小品一家人,更新至481集
和猪屁登一起传递正能量,猪屁登,更新至516集
美好世界由我拯救！,万界法神,更新至53集
心念欻火，请降雷神！,首席御灵师,更新至73集
万物有界，爱恨无由,狐妖小红娘,全145集
踏足武道巅峰,妖神记,全172集
小三爷开启惊心动魄的冒险,盗墓笔记秦岭神树,全12集
人类的进化，才是唯一答案,吞噬星空,全26集
神力觉醒，三界大战！,武庚纪,全114集
仙魔一念，人间千载,万界仙踪,全176集
超凡归来 薪火相传,雪鹰领主,全52集
